Date,Open,Close,Volume,Ticker,Return
2022-03-01 00:00:00-05:00,173.3808605174051,171.00283813476562,13498800,XLY,
2022-03-02 00:00:00-05:00,171.61938327328514,174.59437561035156,10131400,XLY,0.021002794542833714
2022-03-03 00:00:00-05:00,175.4849091444897,170.64076232910156,11202000,XLY,-0.022644562675222857
2022-03-04 00:00:00-05:00,169.671937995753,167.9300079345703,10829600,XLY,-0.015885737719005477
2022-03-07 00:00:00-05:00,168.34106254953085,159.6999053955078,16073100,XLY,-0.04900912374320354
2022-03-08 00:00:00-05:00,159.51392904537065,160.0325927734375,25444200,XLY,0.002083203350094376
2022-03-09 00:00:00-05:00,164.28955773354377,165.18008422851562,15969100,XLY,0.03216526937338049
2022-03-10 00:00:00-05:00,165.1409759377189,166.35446166992188,12927400,XLY,0.007109679395620017
2022-03-11 00:00:00-05:00,167.675576481746,163.15438842773438,12078200,XLY,-0.019236473792551667
2022-03-14 00:00:00-04:00,162.96844229725215,160.433837890625,15174600,XLY,-0.016674700345644555
2022-03-15 00:00:00-04:00,161.60816807955786,165.80641174316406,13560200,XLY,0.03348778489112614
2022-03-16 00:00:00-04:00,167.724475127329,171.46278381347656,16889400,XLY,0.03411431446375124
2022-03-17 00:00:00-04:00,169.95573723013857,174.3203582763672,13042800,XLY,0.016665858324096616
2022-03-18 00:00:00-04:00,173.83106724579164,177.99017333984375,15064600,XLY,0.021052131258578743
2022-03-21 00:00:00-04:00,178.17538056945318,176.4993896484375,12824000,XLY,-0.008375651663419803
2022-03-22 00:00:00-04:00,177.65596162763947,180.88055419921875,8210800,XLY,0.02482254788250504
2022-03-23 00:00:00-04:00,179.39071069148525,178.63601684570312,7879000,XLY,-0.012408947791278546
2022-03-24 00:00:00-04:00,179.4495515457104,180.02781677246094,7567000,XLY,0.007791261534676908
2022-03-25 00:00:00-04:00,180.2630352419524,179.71417236328125,8203900,XLY,-0.0017421997044829718
2022-03-28 00:00:00-04:00,181.60579114587756,184.50694274902344,11532800,XLY,0.02666885044577283
2022-03-29 00:00:00-04:00,186.94745514975784,187.72174072265625,9686700,XLY,0.017423723604838903
2022-03-30 00:00:00-04:00,186.22216415616356,184.86959838867188,8148000,XLY,-0.015193457736992655
2022-03-31 00:00:00-04:00,184.83038280248596,181.32156372070312,8389000,XLY,-0.01919209377254838
2022-04-01 00:00:00-04:00,182.31147151332263,181.54698181152344,4989400,XLY,0.0012431951622011717
2022-04-04 00:00:00-04:00,181.6253903721075,185.624267578125,7712100,XLY,0.022458570921517484
2022-04-05 00:00:00-04:00,184.68335388842337,181.2725524902344,8109900,XLY,-0.02344367546694326
2022-04-06 00:00:00-04:00,178.81245687027123,176.64639282226562,13922400,XLY,-0.025520464099042295
2022-04-07 00:00:00-04:00,176.26416064598996,177.54811096191406,11269200,XLY,0.005104650738924077
2022-04-08 00:00:00-04:00,176.4601787984461,175.91131591796875,9297500,XLY,-0.009218881772819487
2022-04-11 00:00:00-04:00,173.26500017655655,172.64752197265625,9296900,XLY,-0.018553632711351464
2022-04-12 00:00:00-04:00,175.05861834323554,173.02976989746094,11648700,XLY,0.0022140365551568397
2022-04-13 00:00:00-04:00,172.67695002831962,177.33250427246094,8410100,XLY,0.024867017840628503
2022-04-14 00:00:00-04:00,176.99924079955133,174.852783203125,8919700,XLY,-0.013983454863559563
2022-04-18 00:00:00-04:00,174.2744979632386,175.3820343017578,7692800,XLY,0.003026838286114053
2022-04-19 00:00:00-04:00,175.48008211004108,180.4688873291016,8735000,XLY,0.029004413408681762
2022-04-20 00:00:00-04:00,180.821709815748,178.14598083496094,6938300,XLY,-0.012871506709655867
2022-04-21 00:00:00-04:00,183.0171705951371,176.42098999023438,11723300,XLY,-0.009683018593187542
2022-04-22 00:00:00-04:00,176.03874736151616,172.32411193847656,11153700,XLY,-0.023222169040002516
2022-04-25 00:00:00-04:00,170.8146923292892,173.56881713867188,12904800,XLY,0.00722304723461864
2022-04-26 00:00:00-04:00,172.28488829011536,164.78700256347656,14598300,XLY,-0.05059557770782719
2022-04-27 00:00:00-04:00,165.8357355896933,164.80661010742188,12551500,XLY,0.00011898719947756042
2022-04-28 00:00:00-04:00,167.06086055053632,168.18800354003906,6992800,XLY,0.020517341084882235
2022-04-29 00:00:00-04:00,164.52237988066295,159.6414031982422,9418300,XLY,-0.05081575476197542
2022-05-02 00:00:00-04:00,159.15133448776356,161.97406005859375,16774100,XLY,0.01461185390268005
2022-05-03 00:00:00-04:00,161.89564515058711,161.5722198486328,12034400,XLY,-0.0024808923713808273
2022-05-04 00:00:00-04:00,161.3173638393563,166.3159637451172,9348300,XLY,0.0293598980129659
2022-05-05 00:00:00-04:00,164.0911210514706,156.9950714111328,11388400,XLY,-0.05604328125873015
2022-05-06 00:00:00-04:00,156.12274907020438,155.0054168701172,12772700,XLY,-0.012673356705607652
2022-05-09 00:00:00-04:00,151.62403691255358,148.3994598388672,11047700,XLY,-0.04261758824070838
2022-05-10 00:00:00-04:00,151.52599701751632,147.9583740234375,12723500,XLY,-0.0029722872031247016
2022-05-11 00:00:00-04:00,147.62512718890733,142.65594482421875,12856800,XLY,-0.03583730379720729
2022-05-12 00:00:00-04:00,140.16645705200327,143.63607788085938,11800600,XLY,0.006870607865997691
2022-05-13 00:00:00-04:00,146.89008397410072,149.2913818359375,6286700,XLY,0.039372447636512264
2022-05-16 00:00:00-04:00,148.69349266746528,146.0667724609375,5865100,XLY,-0.021599434175936905
2022-05-17 00:00:00-04:00,148.97772859847132,149.75201416015625,5605000,XLY,0.02522984274335416
2022-05-18 00:00:00-04:00,145.6747289152665,139.9606475830078,7380800,XLY,-0.0653838723442931
2022-05-19 00:00:00-04:00,139.08836408519562,140.0586700439453,7706900,XLY,0.0007003572977852812
2022-05-20 00:00:00-04:00,141.2054097689204,137.61817932128906,7812300,XLY,-0.017424774359848683
2022-05-23 00:00:00-04:00,138.1670458055736,138.64730834960938,6803500,XLY,0.007478147388635836
2022-05-24 00:00:00-04:00,136.373412168946,135.0796661376953,7436000,XLY,-0.025731781268468534
2022-05-25 00:00:00-04:00,134.20734799778737,138.89231872558594,6477500,XLY,0.028225214770697837
2022-05-26 00:00:00-04:00,140.84276208906127,145.7041473388672,8023000,XLY,0.049043954883780216
2022-05-27 00:00:00-04:00,147.3311545302079,150.70274353027344,7624400,XLY,0.034306478454459555
2022-05-31 00:00:00-04:00,150.85954137176213,151.4672088623047,7072700,XLY,0.005072670305286575
2022-06-01 00:00:00-04:00,152.28070803612792,149.88922119140625,6116400,XLY,-0.010418015111990031
2022-06-02 00:00:00-04:00,150.0362242989838,154.4761505126953,5812800,XLY,0.030602129258058053
2022-06-03 00:00:00-04:00,151.3202168405257,149.95785522460938,5357100,XLY,-0.02924914475852769
2022-06-06 00:00:00-04:00,152.6237538336158,151.45741271972656,5117400,XLY,0.009999859579687298
2022-06-07 00:00:00-04:00,148.3700788178301,151.08499145507812,4818600,XLY,-0.002458917381202075
2022-06-08 00:00:00-04:00,150.31067866137715,150.1930694580078,4405100,XLY,-0.005903445395074258
2022-06-09 00:00:00-04:00,150.2812835531995,147.4781494140625,3864200,XLY,-0.018076200544688725
2022-06-10 00:00:00-04:00,144.4299789272922,141.59744262695312,6719500,XLY,-0.03987510563750418
2022-06-13 00:00:00-04:00,136.67726030087113,135.06007385253906,10085900,XLY,-0.04616869240807653
2022-06-14 00:00:00-04:00,135.7461319430315,134.95223999023438,6677700,XLY,-0.0007984140629333503
2022-06-15 00:00:00-04:00,135.9029532546912,138.7452850341797,9060400,XLY,0.028106573438275495
2022-06-16 00:00:00-04:00,134.82482876421662,131.95309448242188,12009700,XLY,-0.0489543882524337
2022-06-17 00:00:00-04:00,131.97269408903574,133.3938751220703,11195000,XLY,0.0109188848150914
2022-06-21 00:00:00-04:00,136.03058544793677,137.20944213867188,6428300,XLY,0.028603764701414347
2022-06-22 00:00:00-04:00,135.2643469677013,136.9442138671875,6010900,XLY,-0.001933017636033485
2022-06-23 00:00:00-04:00,137.91675491771585,139.09561157226562,5888700,XLY,0.015710029977349826
2022-06-24 00:00:00-04:00,140.087851025082,144.4005126953125,6702300,XLY,0.03813852258229411
2022-06-27 00:00:00-04:00,145.10779892414735,142.88760375976562,7287100,XLY,-0.01047717149549976
2022-06-28 00:00:00-04:00,143.22162757111636,137.1799774169922,5683900,XLY,-0.039944867102464476
2022-06-29 00:00:00-04:00,137.11121839179154,137.07191467285156,5959600,XLY,-0.0007877442916625066
2022-06-30 00:00:00-04:00,135.28397280427384,135.05801391601562,6284600,XLY,-0.01469229317794607
2022-07-01 00:00:00-04:00,135.27413938576987,137.54344177246094,5667700,XLY,0.01840266848578742
2022-07-05 00:00:00-04:00,135.56885339378005,140.61830139160156,5757900,XLY,0.022355552395056266
2022-07-06 00:00:00-04:00,140.37272644240434,140.15660095214844,7944900,XLY,-0.00328335952634895
2022-07-07 00:00:00-04:00,140.52005868929626,143.77175903320312,4279500,XLY,0.02579370544444748
2022-07-08 00:00:00-04:00,142.58305505302314,143.7913818359375,3098300,XLY,0.0001364857943335629
2022-07-11 00:00:00-04:00,142.87777676746754,139.85203552246094,3807600,XLY,-0.027396261606076333
2022-07-12 00:00:00-04:00,139.85205217452173,139.0072021484375,7437200,XLY,-0.006040908670848388
2022-07-13 00:00:00-04:00,136.25653068567914,140.1467742919922,7118100,XLY,0.008197935976999249
2022-07-14 00:00:00-04:00,138.6044323458369,140.0288848876953,5257600,XLY,-0.000841185285158641
2022-07-15 00:00:00-04:00,141.7873354201552,142.28834533691406,3759800,XLY,0.01613567408632055
2022-07-18 00:00:00-04:00,144.23348842092116,142.70095825195312,4021300,XLY,0.0028998363433214713
2022-07-19 00:00:00-04:00,144.7934349638453,147.07257080078125,4420000,XLY,0.03063478060959901
2022-07-20 00:00:00-04:00,147.35748795225484,149.4892578125,4670200,XLY,0.016431935598598457
2022-07-21 00:00:00-04:00,150.02952314273932,152.90789794921875,5381600,XLY,0.022868801322210475
2022-07-22 00:00:00-04:00,153.88049195706995,152.02378845214844,3897300,XLY,-0.005781974044034799
2022-07-25 00:00:00-04:00,152.15149474068133,150.7172088623047,4561700,XLY,-0.008594573277951212
2022-07-26 00:00:00-04:00,147.27886124873714,145.86422729492188,4098200,XLY,-0.03219925318426309
2022-07-27 00:00:00-04:00,148.07459747416385,151.38523864746094,5201300,XLY,0.03785034518008423
2022-07-28 00:00:00-04:00,152.26935525069777,153.988525390625,5537300,XLY,0.017196437158754074
2022-07-29 00:00:00-04:00,157.50546827983052,159.96142578125,6802700,XLY,0.038787957579783594
2022-08-01 00:00:00-04:00,159.99089881767568,160.7571563720703,8960900,XLY,0.00497451549293193
2022-08-02 00:00:00-04:00,159.75513544426295,159.6569061279297,6907700,XLY,-0.00684417582999608
2022-08-03 00:00:00-04:00,161.40553137619963,163.547119140625,6013800,XLY,0.02436608040981425
2022-08-04 00:00:00-04:00,163.94993178194946,164.21517944335938,4913800,XLY,0.0040848185296369355
2022-08-05 00:00:00-04:00,162.37807535667443,161.41534423828125,4394100,XLY,-0.017049795363429432
2022-08-08 00:00:00-04:00,163.09526214098582,162.14234924316406,3647000,XLY,0.004503939872095408
2022-08-09 00:00:00-04:00,161.159928557613,159.5586395263672,3319700,XLY,-0.015934823498345296
2022-08-10 00:00:00-04:00,164.21518357090017,164.05799865722656,3623400,XLY,0.028198780988702543
2022-08-11 00:00:00-04:00,165.50206668369648,163.22293090820312,3911000,XLY,-0.005090076411136679
2022-08-12 00:00:00-04:00,164.40181917043836,166.91671752929688,2948900,XLY,0.022630316711878873
2022-08-15 00:00:00-04:00,166.4942670159173,168.0660858154297,3857400,XLY,0.006885878797197709
2022-08-16 00:00:00-04:00,168.33134996298637,169.9228057861328,3612300,XLY,0.011047558831959625
2022-08-17 00:00:00-04:00,168.056261813912,168.09555053710938,3747700,XLY,-0.010753443250714922
2022-08-18 00:00:00-04:00,167.89908104205986,168.0464324951172,2834500,XLY,-0.0002922031061217689
2022-08-19 00:00:00-04:00,166.5728494568226,164.57861328125,3574800,XLY,-0.020636077555338472
2022-08-22 00:00:00-04:00,162.08340341376112,160.0105743408203,4184700,XLY,-0.027755969316762497
2022-08-23 00:00:00-04:00,160.13824467810943,160.46243286132812,4393500,XLY,0.0028239291207428074
2022-08-24 00:00:00-04:00,160.1382625802887,161.15011596679688,3332000,XLY,0.004285633049469162
2022-08-25 00:00:00-04:00,162.15211919834277,163.0755615234375,3045000,XLY,0.011948148749935328
2022-08-26 00:00:00-04:00,163.3703144940333,156.86692810058594,3946900,XLY,-0.038072126594880684
2022-08-29 00:00:00-04:00,154.6860612346011,156.03192138671875,3525700,XLY,-0.005323025853682606
2022-08-30 00:00:00-04:00,157.34830293086398,154.2930908203125,3667200,XLY,-0.011144069437539206
2022-08-31 00:00:00-04:00,155.08882587617074,152.77040100097656,4431400,XLY,-0.00986881402945805
2022-09-01 00:00:00-04:00,151.76835752974355,154.1653594970703,5971900,XLY,0.009131078317224706
2022-09-02 00:00:00-04:00,155.70773085455792,152.75076293945312,8241300,XLY,-0.009175839256185592
2022-09-06 00:00:00-04:00,153.41875386596826,152.43637084960938,8961000,XLY,-0.0020582030740388113
2022-09-07 00:00:00-04:00,152.26937693609074,157.11251831054688,6316600,XLY,0.030676061328899662
2022-09-08 00:00:00-04:00,155.50139981444474,158.57626342773438,4695700,XLY,0.009316540355455816
2022-09-09 00:00:00-04:00,159.33270120957783,161.5823516845703,4475400,XLY,0.018956735338929498
2022-09-12 00:00:00-04:00,162.4763185574711,163.66500854492188,4395800,XLY,0.012889135717105926
2022-09-13 00:00:00-04:00,158.44856425908893,155.22634887695312,6675400,XLY,-0.05156056106918272
2022-09-14 00:00:00-04:00,155.76665829785426,157.2205810546875,7462400,XLY,0.012847253009314663
2022-09-15 00:00:00-04:00,157.01429335570924,156.4150390625,5682000,XLY,-0.005123642126136807
2022-09-16 00:00:00-04:00,154.0573133223928,155.15757751464844,8682100,XLY,-0.00803926243530273
2022-09-19 00:00:00-04:00,153.8285780050207,157.35287475585938,5014300,XLY,0.014148823901324992
2022-09-20 00:00:00-04:00,155.7285625673074,154.68505859375,4571000,XLY,-0.016954352859765764
2022-09-21 00:00:00-04:00,155.11820769269414,151.02293395996094,5111200,XLY,-0.023674714720876233
2022-09-22 00:00:00-04:00,150.2550579636646,147.53799438476562,5669400,XLY,-0.02307556530532795
2022-09-23 00:00:00-04:00,145.57898202609476,144.14169311523438,5606500,XLY,-0.0230198416597287
2022-09-26 00:00:00-04:00,143.5510455160926,143.81683349609375,6419800,XLY,-0.0022537519306153886
2022-09-27 00:00:00-04:00,145.93338982785798,144.26968383789062,7281700,XLY,0.0031487992802259335
2022-09-28 00:00:00-04:00,144.88003427878144,148.16806030273438,6930700,XLY,0.027021452886970998
2022-09-29 00:00:00-04:00,145.82509329857297,143.04896545410156,6156800,XLY,-0.03454924656618685
2022-09-30 00:00:00-04:00,141.37539796833025,140.2334442138672,6116200,XLY,-0.01968222021946575
2022-10-03 00:00:00-04:00,140.10550413698647,140.3712921142578,8645800,XLY,0.0009829887667909265
2022-10-04 00:00:00-04:00,143.85620784705364,145.2738037109375,9831900,XLY,0.034925315018751846
2022-10-05 00:00:00-04:00,142.9702302624272,144.4173583984375,6270600,XLY,-0.005895387128460827
2022-10-06 00:00:00-04:00,144.11216111464992,143.39352416992188,7214500,XLY,-0.007089412518479499
2022-10-07 00:00:00-04:00,141.26713139526635,138.4614715576172,5597700,XLY,-0.034395225592336987
2022-10-10 00:00:00-04:00,138.66820790380834,137.60501098632812,4864200,XLY,-0.006185551559248492
2022-10-11 00:00:00-04:00,136.92575255295128,136.48275756835938,6001700,XLY,-0.008155614464361749
2022-10-12 00:00:00-04:00,136.4925677583707,136.83712768554688,9720000,XLY,0.0025964460529748212
2022-10-13 00:00:00-04:00,132.74188440826504,138.33351135253906,9782100,XLY,0.010935509187469217
2022-10-14 00:00:00-04:00,139.71171108359476,133.16519165039062,6710700,XLY,-0.03736129916472031
2022-10-17 00:00:00-04:00,136.01022830370445,138.56976318359375,6565500,XLY,0.04058546731485335
2022-10-18 00:00:00-04:00,142.89147423517167,140.47959899902344,5184000,XLY,0.013782485959071167
2022-10-19 00:00:00-04:00,139.33763623762422,138.9044952392578,3572400,XLY,-0.01121233097893859
2022-10-20 00:00:00-04:00,137.0143434095377,136.21694946289062,5097600,XLY,-0.019348155520366617
2022-10-21 00:00:00-04:00,136.0594292795876,140.18421936035156,7787900,XLY,0.029124642073574902
2022-10-24 00:00:00-04:00,139.54436472207374,140.76507568359375,4540600,XLY,0.004143521474047507
2022-10-25 00:00:00-04:00,140.83398880297253,144.2893829345703,3727500,XLY,0.02503680144994469
2022-10-26 00:00:00-04:00,142.54690013018543,143.12771606445312,3432300,XLY,-0.008050951819815855
2022-10-27 00:00:00-04:00,143.82668953506877,142.57644653320312,6361100,XLY,-0.0038515917560072443
2022-10-28 00:00:00-04:00,138.74695434991835,142.70440673828125,7041300,XLY,0.000897484880494126
2022-10-31 00:00:00-04:00,141.9463781099165,141.7888641357422,4683700,XLY,-0.006415657536197661
2022-11-01 00:00:00-04:00,144.20077267044158,140.35162353515625,6257300,XLY,-0.01013648433779668
2022-11-02 00:00:00-04:00,140.21376531809662,135.0454559326172,9926600,XLY,-0.03780624312628589
2022-11-03 00:00:00-04:00,134.08070623176013,134.23822021484375,5558700,XLY,-0.00597751114392342
2022-11-04 00:00:00-04:00,137.417949226905,135.3604736328125,6314400,XLY,0.00836016312025456
2022-11-07 00:00:00-05:00,136.17757640708254,134.41542053222656,3712300,XLY,-0.006981750840718504
2022-11-08 00:00:00-05:00,134.57293897210835,134.08071899414062,4767800,XLY,-0.0024900531260525494
2022-11-09 00:00:00-05:00,133.37190325715537,129.9854278564453,5077700,XLY,-0.030543475366314854
2022-11-10 00:00:00-05:00,136.50243886000402,139.48529052734375,7758000,XLY,0.07308405894074532
2022-11-11 00:00:00-05:00,139.69201650198244,142.83238220214844,5675200,XLY,0.023996018950460885
2022-11-14 00:00:00-05:00,141.5920022471083,140.56817626953125,7920500,XLY,-0.015852189102417258
2022-11-15 00:00:00-05:00,143.90541960517515,142.4878387451172,4369700,XLY,0.013656451456730112
2022-11-16 00:00:00-05:00,139.8692303670853,140.31222534179688,4786800,XLY,-0.015268765548560714
2022-11-17 00:00:00-05:00,138.28426391340145,138.609130859375,3782500,XLY,-0.012137890894918013
2022-11-18 00:00:00-05:00,140.4008306288782,138.79620361328125,3707000,XLY,0.0013496423557841641
2022-11-21 00:00:00-05:00,138.01846793874304,136.7879180908203,3376400,XLY,-0.014469311625096681
2022-11-22 00:00:00-05:00,137.3293783585596,138.33351135253906,2760400,XLY,0.01129919428039372
2022-11-23 00:00:00-05:00,138.8257324462583,140.33192443847656,3088500,XLY,0.014446341066588042
2022-11-25 00:00:00-05:00,140.40080577792637,140.41065979003906,1364200,XLY,0.0005610651452088167
2022-11-28 00:00:00-05:00,139.65263102017343,139.54434204101562,3020500,XLY,-0.006169885892701288
2022-11-29 00:00:00-05:00,139.672341093693,139.1013641357422,5211500,XLY,-0.0031744598082180664
2022-11-30 00:00:00-05:00,139.170284151853,143.89559936523438,8204300,XLY,0.03446576717115257
2022-12-01 00:00:00-05:00,144.4271992875608,143.8759002685547,4827000,XLY,-0.00013689853453879852
2022-12-02 00:00:00-05:00,141.84796022163405,143.68887329101562,5986200,XLY,-0.001299918729891214
2022-12-05 00:00:00-05:00,141.77902459925798,139.54434204101562,5790000,XLY,-0.028843786961889606
2022-12-06 00:00:00-05:00,139.14073880924593,137.36874389648438,3949900,XLY,-0.01559072989065935
2022-12-07 00:00:00-05:00,136.43352009379765,136.54180908203125,5426300,XLY,-0.006019817834807206
2022-12-08 00:00:00-05:00,136.76823298515149,137.8609619140625,3203500,XLY,0.009661164158435431
2022-12-09 00:00:00-05:00,137.02419630090867,137.2604522705078,3609200,XLY,-0.004355907830739136
2022-12-12 00:00:00-05:00,136.9749700376022,137.60501098632812,3272800,XLY,0.0025102548485069764
2022-12-13 00:00:00-05:00,142.17281161993134,137.60501098632812,5372000,XLY,0.0
2022-12-14 00:00:00-05:00,137.31952191393964,136.58119201660156,5451900,XLY,-0.007440273885289561
2022-12-15 00:00:00-05:00,134.46463688916617,134.336669921875,5973900,XLY,-0.016433610379192887
2022-12-16 00:00:00-05:00,133.56880284580222,131.82635498046875,6685900,XLY,-0.018686743856805133
2022-12-19 00:00:00-05:00,131.80267327479646,129.70993041992188,4337900,XLY,-0.016054639156642403
2022-12-20 00:00:00-05:00,128.91034074580855,128.19960021972656,3855100,XLY,-0.011643905715667091
2022-12-21 00:00:00-05:00,129.75929315070752,130.2429962158203,5335100,XLY,0.01593917603948447
2022-12-22 00:00:00-05:00,128.77214733600087,126.89659118652344,6447100,XLY,-0.02569355072077495
2022-12-23 00:00:00-05:00,126.56094922178252,127.76524353027344,3275400,XLY,0.006845356014907988
2022-12-27 00:00:00-05:00,127.1729751951595,125.69226837158205,4268000,XLY,-0.016224875415356665
2022-12-28 00:00:00-05:00,125.75150290665164,124.63603973388672,5036900,XLY,-0.008403290444029654
2022-12-29 00:00:00-05:00,126.42274956536112,127.8442153930664,3746100,XLY,0.025740352999257254
2022-12-30 00:00:00-05:00,126.58071017343325,127.4987564086914,3765500,XLY,-0.0027021870587797814
2023-01-03 00:00:00-05:00,128.2588179145311,126.73863220214844,4783500,XLY,-0.005961816632206407
2023-01-04 00:00:00-05:00,127.92320760623006,128.57472229003906,4039800,XLY,0.014487217164866228
2023-01-05 00:00:00-05:00,127.67641630324772,127.3802719116211,3888100,XLY,-0.009289931622201153
2023-01-06 00:00:00-05:00,127.02491035843366,130.37132263183594,4619700,XLY,0.023481271277942417
2023-01-09 00:00:00-05:00,131.95073944214832,131.16102600097656,4693900,XLY,0.006057339552891783
2023-01-10 00:00:00-05:00,131.2301129562736,132.8095245361328,4415400,XLY,0.012568508995530303
2023-01-11 00:00:00-05:00,133.94475481221224,136.39285278320312,6354000,XLY,0.02698095832799563
2023-01-12 00:00:00-05:00,137.2417900435084,136.61988830566406,4786100,XLY,0.0016645705242475106
2023-01-13 00:00:00-05:00,134.50741078822185,137.90316772460938,3984700,XLY,0.009393064471507895
2023-01-17 00:00:00-05:00,138.30791774509552,138.0019073486328,3749900,XLY,0.0007160069319118723
2023-01-18 00:00:00-05:00,139.40363978379634,136.20530700683594,4798400,XLY,-0.013018663120779483
2023-01-19 00:00:00-05:00,135.2082832682506,133.9447479248047,6478600,XLY,-0.01659670340097541
2023-01-20 00:00:00-05:00,134.24089574729854,137.1924285888672,3751300,XLY,0.02424642036644631
2023-01-23 00:00:00-05:00,137.5576821367416,139.3345184326172,4584000,XLY,0.015613761384524638
2023-01-24 00:00:00-05:00,138.85083262317735,139.1765899658203,3186500,XLY,-0.0011334482551302871
2023-01-25 00:00:00-05:00,137.0641288406538,139.88734436035156,3770200,XLY,0.005106853061321637
2023-01-26 00:00:00-05:00,142.36503207236865,142.75001525878906,4820600,XLY,0.020464116404006027
2023-01-27 00:00:00-05:00,142.8684641060855,145.98782348632812,5472600,XLY,0.022681666419924973
2023-01-30 00:00:00-05:00,144.89209690847937,143.50022888183594,4789200,XLY,-0.017039740336461384
2023-01-31 00:00:00-05:00,143.6581889630218,146.78741455078125,3487800,XLY,0.02290718066834674
2023-02-01 00:00:00-05:00,146.40243217342731,149.57115173339844,6956900,XLY,0.018964413203518493
2023-02-02 00:00:00-05:00,152.81881654450646,154.15145874023438,7019800,XLY,0.030622930650424207
2023-02-03 00:00:00-05:00,149.5316685348621,149.40335083007812,6796900,XLY,-0.030801576248184803
2023-02-06 00:00:00-05:00,148.84065293289277,149.1861572265625,4385000,XLY,-0.001453739841234536
2023-02-07 00:00:00-05:00,148.53462770261342,149.53163146972656,4916600,XLY,0.0023157258661701263
2023-02-08 00:00:00-05:00,149.03807203925172,148.25823974609375,5564000,XLY,-0.008515868589921816
2023-02-09 00:00:00-05:00,150.23253067555964,147.9818572998047,4158100,XLY,-0.0018641961941703311
2023-02-10 00:00:00-05:00,146.68870043085,146.24447631835938,3216500,XLY,-0.01174049990415682
2023-02-13 00:00:00-05:00,146.23459785545987,148.38656616210938,3360700,XLY,0.014647321373607802
2023-02-14 00:00:00-05:00,147.34020646321562,150.16342163085938,4361300,XLY,0.01197450358685992
2023-02-15 00:00:00-05:00,149.738965680839,151.9205322265625,3410100,XLY,0.011701322310186502
2023-02-16 00:00:00-05:00,149.59086712419645,148.60372924804688,5628800,XLY,-0.021832486563233
2023-02-17 00:00:00-05:00,147.75479461956562,148.63336181640625,3740100,XLY,0.00019940662666617648
2023-02-21 00:00:00-05:00,146.41230229604858,143.6680450439453,4418600,XLY,-0.03340647558382048
2023-02-22 00:00:00-05:00,143.99379890364438,144.39852905273438,4964200,XLY,0.005084526684870028
2023-02-23 00:00:00-05:00,144.90197701501515,144.28009033203125,5284300,XLY,-0.00082022110252844
2023-02-24 00:00:00-05:00,141.60494387500745,142.00967407226562,5957300,XLY,-0.015736171598872195
2023-02-27 00:00:00-05:00,143.6187047427486,143.7667694091797,5622200,XLY,0.012373067880008692
2023-02-28 00:00:00-05:00,143.67792606308117,143.6680450439453,5592500,XLY,-0.0006866980849614679
2023-03-01 00:00:00-05:00,143.15473570222483,141.86158752441406,6344400,XLY,-0.012573829615198595
2023-03-02 00:00:00-05:00,139.5911882778944,141.3877716064453,5491400,XLY,-0.0033399874218044134
2023-03-03 00:00:00-05:00,142.62168216498964,144.4281463623047,5017600,XLY,0.02150380277809516
2023-03-06 00:00:00-05:00,144.79338368482928,143.37191772460938,4927200,XLY,-0.0073131772739485346
2023-03-07 00:00:00-05:00,143.15473059831052,141.4173583984375,5970900,XLY,-0.013632790557535968
2023-03-08 00:00:00-05:00,141.1607208251953,141.1607208251953,5408300,XLY,-0.0018147529847016841
2023-03-09 00:00:00-05:00,140.9139457946234,137.79458618164062,6668700,XLY,-0.02384611401724912
2023-03-10 00:00:00-05:00,138.24868143793597,136.42247009277344,14529300,XLY,-0.009957692293211529
2023-03-13 00:00:00-04:00,134.40869199934355,136.70872497558594,11814100,XLY,0.002098297169211394
2023-03-14 00:00:00-04:00,138.56454738262346,139.02850341796875,7519100,XLY,0.016968766571388016
2023-03-15 00:00:00-04:00,136.96538862874672,138.8212127685547,9001400,XLY,-0.0014909938920285581
2023-03-16 00:00:00-04:00,137.9525270417996,141.3285369873047,10747800,XLY,0.018061535184325628
2023-03-17 00:00:00-04:00,141.28904944748808,139.52206420898438,8440000,XLY,-0.012782080794359163
2023-03-20 00:00:00-04:00,139.35376730082035,140.12608337402344,5864800,XLY,0.0043292017535974114
2023-03-21 00:00:00-04:00,141.93804411430372,143.99754333496094,6388400,XLY,0.02762840341868289
2023-03-22 00:00:00-04:00,144.06686958419775,140.7894744873047,5491800,XLY,-0.022278635963905113
2023-03-23 00:00:00-04:00,142.49252135535772,140.64093017578125,6127800,XLY,-0.0010550810851760462
2023-03-24 00:00:00-04:00,140.31419494494227,140.1854705810547,4717300,XLY,-0.0032384569282732922
2023-03-27 00:00:00-04:00,141.53209386211185,140.47262573242188,4207200,XLY,0.0020483945317368857
2023-03-28 00:00:00-04:00,140.4330151417926,140.30429077148438,2859800,XLY,-0.0011983470805062568
2023-03-29 00:00:00-04:00,141.8291219943735,142.96778869628906,3862700,XLY,0.018983723948562403
2023-03-30 00:00:00-04:00,144.33419083998055,144.21536254882812,3239200,XLY,0.00872625829856899
2023-03-31 00:00:00-04:00,145.13622608600488,148.0670623779297,5226900,XLY,0.026707971751604997
2023-04-03 00:00:00-04:00,146.7303785258664,146.7105712890625,5669200,XLY,-0.009161329110486727
2023-04-04 00:00:00-04:00,147.19573619235788,146.47291564941406,4691500,XLY,-0.0016198944463258202
2023-04-05 00:00:00-04:00,145.85902875480042,143.47276306152344,4430800,XLY,-0.020482644006838413
2023-04-06 00:00:00-04:00,142.8093697538956,143.50247192382812,3818100,XLY,0.00020706970208661524
2023-04-10 00:00:00-04:00,142.0370558078115,144.1361846923828,3638400,XLY,0.0044160407835418525
2023-04-11 00:00:00-04:00,144.21537526044202,144.36390686035156,4404000,XLY,0.0015799097808419926
2023-04-12 00:00:00-04:00,145.56196660272388,142.1261444091797,4531300,XLY,-0.01550084435811605
2023-04-13 00:00:00-04:00,143.15592869106663,145.26495361328125,6570000,XLY,0.022084671452600402
2023-04-14 00:00:00-04:00,144.93819671903617,145.45306396484375,5400800,XLY,0.0012949465571943097
2023-04-17 00:00:00-04:00,145.8194198024701,146.48281860351562,4551200,XLY,0.007079635248665284
2023-04-18 00:00:00-04:00,147.21553411676956,146.720458984375,4529400,XLY,0.0016223089036988547
2023-04-19 00:00:00-04:00,145.35407140527843,146.58184814453125,3800200,XLY,-0.0009447274143172812
2023-04-20 00:00:00-04:00,144.1757785497986,144.3242950439453,4143500,XLY,-0.015401314208836836
2023-04-21 00:00:00-04:00,145.50258046832604,145.91844177246094,4435100,XLY,0.011045588187561961
2023-04-24 00:00:00-04:00,146.13629280660433,145.89866638183594,3875000,XLY,-0.0001355235869078264
2023-04-25 00:00:00-04:00,144.9382056836238,143.0074005126953,4247200,XLY,-0.019816945149956355
2023-04-26 00:00:00-04:00,143.73021076497253,142.27468872070312,3853000,XLY,-0.005123593529882675
2023-04-27 00:00:00-04:00,143.27474244010975,146.02735900878906,4815400,XLY,0.02637623263722433
2023-04-28 00:00:00-04:00,145.3441574041612,146.40362548828125,4135500,XLY,0.0025766848215720284
2023-05-01 00:00:00-04:00,146.04716388711412,144.95799255371094,4273900,XLY,-0.009874297373093532
2023-05-02 00:00:00-04:00,144.74015574156513,145.1065216064453,4608600,XLY,0.0010246351382061647
2023-05-03 00:00:00-04:00,144.5025324461292,143.95794677734375,4256000,XLY,-0.007915390820384394
2023-05-04 00:00:00-04:00,143.97775446875164,142.84898376464844,5331500,XLY,-0.007703381699452283
2023-05-05 00:00:00-04:00,144.19558712871768,145.74021911621094,3685900,XLY,0.020239803429935366
2023-05-08 00:00:00-04:00,146.185764740305,146.2352752685547,3425000,XLY,0.003396839632503923
2023-05-09 00:00:00-04:00,145.4332738947704,146.1956787109375,4232500,XLY,-0.0002707729550511795
2023-05-10 00:00:00-04:00,147.54230104524856,146.9383087158203,4514000,XLY,0.005079698739599348
2023-05-11 00:00:00-04:00,147.02740942044608,147.62149047851562,4144300,XLY,0.004649446210903241
2023-05-12 00:00:00-04:00,148.12648683903052,146.37391662597656,3778100,XLY,-0.008451166889692274
2023-05-15 00:00:00-04:00,146.54225025794693,146.5620574951172,3206000,XLY,0.0012853442298832451
2023-05-16 00:00:00-04:00,145.56200650713873,145.9679718017578,3474400,XLY,-0.004053475391331496
2023-05-17 00:00:00-04:00,146.8887849124338,149.00770568847656,4665900,XLY,0.020824663446355807
2023-05-18 00:00:00-04:00,149.33447979249772,151.32467651367188,4303300,XLY,0.015549335616503512
2023-05-19 00:00:00-04:00,150.95830654581368,150.05726623535156,3575100,XLY,-0.008375436891852939
2023-05-22 00:00:00-04:00,150.12657818130455,149.59190368652344,3560000,XLY,-0.003101233019254468
2023-05-23 00:00:00-04:00,148.44332865576598,148.22549438476562,4291600,XLY,-0.009134246360158582
2023-05-24 00:00:00-04:00,147.908653645617,147.680908203125,3476200,XLY,-0.003674038557948567
2023-05-25 00:00:00-04:00,148.13637642499552,147.0175018310547,3998900,XLY,-0.004492160700676595
2023-05-26 00:00:00-04:00,147.3640582039687,150.47312927246094,5205100,XLY,0.02350487117770017
2023-05-30 00:00:00-04:00,152.1167888218767,151.48309326171875,5490700,XLY,0.006711922548171989
2023-05-31 00:00:00-04:00,150.48301943136306,150.11666870117188,6244900,XLY,-0.009020310657283037
2023-06-01 00:00:00-04:00,149.9879665395895,151.88905334472656,5084400,XLY,0.011806714463420853
2023-06-02 00:00:00-04:00,153.70101266391993,155.45358276367188,5412300,XLY,0.023467981006210392
2023-06-05 00:00:00-04:00,155.42387023755296,155.9189453125,3927400,XLY,0.0029935787940995606
2023-06-06 00:00:00-04:00,155.6318182106227,157.54281616210938,4899600,XLY,0.010414839879494764
2023-06-07 00:00:00-04:00,158.65177733150438,156.47344970703125,4603200,XLY,-0.006787783036566797
2023-06-08 00:00:00-04:00,156.72099468780306,158.7904052734375,3360000,XLY,0.014807339972016553
2023-06-09 00:00:00-04:00,160.42415890717385,159.6122283935547,5789500,XLY,0.005175521270960992
2023-06-12 00:00:00-04:00,160.59246848872473,162.3549346923828,4705400,XLY,0.01718355997176757
2023-06-13 00:00:00-04:00,163.65203474963775,164.03819274902344,5418200,XLY,0.010367766522341393
2023-06-14 00:00:00-04:00,164.3253377763575,163.91937255859375,6710100,XLY,-0.0007243446689971789
2023-06-15 00:00:00-04:00,162.45395682142802,164.98873901367188,5356800,XLY,0.006523734433499406
2023-06-16 00:00:00-04:00,166.1571186074504,164.7412109375,6647100,XLY,-0.0015002725498215463
2023-06-20 00:00:00-04:00,164.38798496103618,165.97540283203125,5486700,XLY,0.0074917009988439975
2023-06-21 00:00:00-04:00,165.91590559872884,163.98123168945312,5458000,XLY,-0.012014859482499585
2023-06-22 00:00:00-04:00,162.96923674360244,166.07464599609375,5376500,XLY,0.01276618235558269
2023-06-23 00:00:00-04:00,164.12010878073608,164.14987182617188,5845200,XLY,-0.0115898134744008
2023-06-26 00:00:00-04:00,163.14781742774042,162.04653930664062,4336700,XLY,-0.01281348864992471
2023-06-27 00:00:00-04:00,162.99898112710397,165.52894592285156,5478500,XLY,0.021490163450027078
2023-06-28 00:00:00-04:00,165.09239949481977,166.1837615966797,4357700,XLY,0.0039558982882264004
2023-06-29 00:00:00-04:00,166.47148668100627,166.3623504638672,3876300,XLY,0.0010746469177953522
2023-06-30 00:00:00-04:00,167.7612730639329,168.47561645507812,4739500,XLY,0.012702789936055447
2023-07-03 00:00:00-04:00,170.16226573542173,170.509521484375,4651600,XLY,0.012072399983407589
2023-07-05 00:00:00-04:00,170.24162436317891,170.57894897460938,7264300,XLY,0.00040717661764566593
2023-07-06 00:00:00-04:00,168.42601033377343,167.8307342529297,5737200,XLY,-0.016111101271287342
2023-07-07 00:00:00-04:00,167.92001032087694,168.0390625,5281800,XLY,0.0012412997416573202
2023-07-10 00:00:00-04:00,168.16805792681475,168.55499267578125,5319400,XLY,0.003070299060858206
2023-07-11 00:00:00-04:00,169.0213048361173,169.96383666992188,4816900,XLY,0.008358364067272417
2023-07-12 00:00:00-04:00,172.27553048768007,171.4917449951172,5065900,XLY,0.008989608349231348
2023-07-13 00:00:00-04:00,173.08909831232094,173.09901428222656,3695000,XLY,0.00937228370470633
2023-07-14 00:00:00-04:00,173.0890791453299,173.5454559326172,3959900,XLY,0.002579111453880012
2023-07-17 00:00:00-04:00,173.64467079573726,174.2498779296875,4181700,XLY,0.00405900571285378
2023-07-18 00:00:00-04:00,173.62482061081187,174.96421813964844,4714000,XLY,0.004099516271966586
2023-07-19 00:00:00-04:00,175.4106681599132,175.57933044433594,6545200,XLY,0.003515646291726515
2023-07-20 00:00:00-04:00,173.565292751609,169.5967254638672,9735300,XLY,-0.034073515175896074
2023-07-21 00:00:00-04:00,171.1147258099518,169.6364288330078,5242000,XLY,0.00023410457384742678
2023-07-24 00:00:00-04:00,169.39832123616833,170.7476348876953,4825600,XLY,0.006550515489696984
2023-07-25 00:00:00-04:00,170.66824644501855,170.3507537841797,3241800,XLY,-0.0023243724797515908
2023-07-26 00:00:00-04:00,169.279260052787,170.31109619140625,4417300,XLY,-0.00023279963189171138
2023-07-27 00:00:00-04:00,172.02747158317365,168.54505920410156,4732000,XLY,-0.010369476955981227
2023-07-28 00:00:00-04:00,170.3805151526089,171.4024200439453,3971500,XLY,0.016953097606875467
2023-07-31 00:00:00-04:00,171.82905952323603,172.37474060058594,3471800,XLY,0.005672735288051012
2023-08-01 00:00:00-04:00,171.51155875633296,170.4202117919922,3450100,XLY,-0.011338835387271984
2023-08-02 00:00:00-04:00,168.4458567364306,167.3644256591797,4853500,XLY,-0.01793089036024831
2023-08-03 00:00:00-04:00,166.41196260724357,167.7612762451172,4024800,XLY,0.002371176457448776
2023-08-04 00:00:00-04:00,172.4838949893612,170.20196533203125,6753600,XLY,0.014548584402445552
2023-08-07 00:00:00-04:00,170.7972166572658,171.94810485839844,3684500,XLY,0.01025922070265639
2023-08-08 00:00:00-04:00,170.2118613173988,170.57894897460938,3627700,XLY,-0.007962611073361825
2023-08-09 00:00:00-04:00,170.81707507572145,168.55499267578125,4522500,XLY,-0.011865217314297016
2023-08-10 00:00:00-04:00,169.82493538351724,168.96177673339844,4361500,XLY,0.0024133610708265696
2023-08-11 00:00:00-04:00,167.82079388007404,168.38632202148438,3151100,XLY,-0.0034058277738288067
2023-08-14 00:00:00-04:00,167.3544980277961,168.90225219726562,2819700,XLY,0.0030639672485714975
2023-08-15 00:00:00-04:00,168.2772014909868,166.60047912597656,3314300,XLY,-0.013627841200132496
2023-08-16 00:00:00-04:00,165.88613313281203,164.5368194580078,3357700,XLY,-0.012386877149424658
2023-08-17 00:00:00-04:00,165.0031257615286,161.7489013671875,4354600,XLY,-0.016944037814781154
2023-08-18 00:00:00-04:00,160.00274391003128,161.38182067871094,4124100,XLY,-0.0022694478007194707
2023-08-21 00:00:00-04:00,162.32433758784114,163.2371063232422,3322600,XLY,0.011496249309424167
2023-08-22 00:00:00-04:00,164.49712463884993,163.4752197265625,4003300,XLY,0.0014586965469038926
2023-08-23 00:00:00-04:00,162.72119402369322,164.78485107421875,3864300,XLY,0.00801119184820065
2023-08-24 00:00:00-04:00,165.07256973787017,161.5603790283203,3974500,XLY,-0.01956776988223352
2023-08-25 00:00:00-04:00,162.284657829653,163.3660888671875,5046500,XLY,0.01117668731484378
2023-08-28 00:00:00-04:00,164.4177552415094,164.02090454101562,2981400,XLY,0.0040082717188660855
2023-08-29 00:00:00-04:00,163.9812088932785,168.11843872070312,4456900,XLY,0.0249817801648744
2023-08-30 00:00:00-04:00,167.81089141945404,168.84271240234375,3644500,XLY,0.004308115678161029
2023-08-31 00:00:00-04:00,168.95183262401017,169.36854553222656,3936300,XLY,0.00311433713899234
2023-09-01 00:00:00-04:00,170.33090004358866,168.33670043945312,5309200,XLY,-0.0060923065114065755
2023-09-05 00:00:00-04:00,168.0390669935507,168.4557647705078,4713100,XLY,0.0007072987099299155
2023-09-06 00:00:00-04:00,167.5727494344101,166.95762634277344,5577500,XLY,-0.008893363962790612
2023-09-07 00:00:00-04:00,165.19161580403645,167.42393493652344,5219700,XLY,0.0027929757026650126
2023-09-08 00:00:00-04:00,167.19574655297868,167.42393493652344,2854700,XLY,0.0
2023-09-11 00:00:00-04:00,169.9142215253122,171.9282684326172,5324300,XLY,0.026903760790244924
2023-09-12 00:00:00-04:00,171.3131372304256,170.37060546875,4954100,XLY,-0.009059958423752068
2023-09-13 00:00:00-04:00,170.90637647410202,171.71994018554688,3992400,XLY,0.007919997191325301
2023-09-14 00:00:00-04:00,172.28543001598672,173.40655517578125,4888500,XLY,0.009821893650859392
2023-09-15 00:00:00-04:00,172.61284137394182,170.44004821777344,5956700,XLY,-0.017107236545934934
2023-09-18 00:00:00-04:00,169.9580063035839,168.58641052246094,3721200,XLY,-0.010875599453856521
2023-09-19 00:00:00-04:00,167.71179168367345,167.74160766601562,4162000,XLY,-0.005011097002582843
2023-09-20 00:00:00-04:00,168.28826085913516,166.07183837890625,4428700,XLY,-0.009954413280895635
2023-09-21 00:00:00-04:00,163.9746795512424,161.53961181640625,6118000,XLY,-0.02729075926864466
2023-09-22 00:00:00-04:00,162.5236007885896,159.94937133789062,7104700,XLY,-0.009844275720576667
2023-09-25 00:00:00-04:00,159.2933947358245,160.93333435058594,4743400,XLY,0.0061517154113517325
2023-09-26 00:00:00-04:00,159.4722895804402,158.00131225585938,5833500,XLY,-0.018218861285377197
2023-09-27 00:00:00-04:00,158.41875727725994,157.39503479003906,6242500,XLY,-0.003837167281487752
2023-09-28 00:00:00-04:00,156.81856478078151,159.1542510986328,5145900,XLY,0.011177076271436936
2023-09-29 00:00:00-04:00,161.47006180004905,159.9990692138672,6558300,XLY,0.005308171848396492
2023-10-02 00:00:00-04:00,159.0449413241669,160.1282958984375,7331800,XLY,0.0008076714771232396
2023-10-03 00:00:00-04:00,158.89582457020364,156.23216247558594,7306900,XLY,-0.024331323836248808
2023-10-04 00:00:00-04:00,156.9974741879362,159.31326293945312,7670300,XLY,0.019721294354795083
2023-10-05 00:00:00-04:00,159.09461025211,158.5181427001953,6961000,XLY,-0.004990923069349229
2023-10-06 00:00:00-04:00,156.84839101043346,159.63133239746094,7632500,XLY,0.007022475019600627
2023-10-09 00:00:00-04:00,157.7031495537829,159.80029296875,5248000,XLY,0.0010584424044546292
2023-10-10 00:00:00-04:00,160.0487671478122,161.549560546875,6729300,XLY,0.010946585551423693
2023-10-11 00:00:00-04:00,162.2055519445034,162.12603759765625,3987200,XLY,0.0035684222775336227
2023-10-12 00:00:00-04:00,162.15584091376175,160.35687255859375,4590600,XLY,-0.010912281983064265
2023-10-13 00:00:00-04:00,160.59540874109257,158.00131225585938,5663500,XLY,-0.01468948767302547
2023-10-16 00:00:00-04:00,158.85607718720996,160.55564880371094,5535700,XLY,0.0161665527417596
2023-10-17 00:00:00-04:00,159.09461647430942,160.93333435058594,6709900,XLY,0.002352365361724118
2023-10-18 00:00:00-04:00,159.71084117744732,157.156494140625,5207300,XLY,-0.023468352440478624
2023-10-19 00:00:00-04:00,155.8047909100473,153.14112854003906,10567400,XLY,-0.025550109287834744
2023-10-20 00:00:00-04:00,152.78329964254195,150.7656707763672,6678900,XLY,-0.015511559737858449
2023-10-23 00:00:00-04:00,150.1594005912366,150.944580078125,7853600,XLY,0.0011866713479038449
2023-10-24 00:00:00-04:00,152.09751434301492,152.55471801757812,4980200,XLY,0.010667080186779643
2023-10-25 00:00:00-04:00,151.36203408532933,149.47361755371094,5600500,XLY,-0.0201966907605714
2023-10-26 00:00:00-04:00,149.31456655785198,147.13790893554688,8460800,XLY,-0.015626226596976323
2023-10-27 00:00:00-04:00,149.70220462250697,148.67848205566406,7613300,XLY,0.010470266508898263
2023-10-30 00:00:00-04:00,150.3879887877399,150.04013061523438,6929000,XLY,0.009158343162667837
2023-10-31 00:00:00-04:00,150.1097151548505,151.17320251464844,5084300,XLY,0.007551792275626079
2023-11-01 00:00:00-04:00,152.0577598074505,153.04171752929688,10834900,XLY,0.012360094140807742
2023-11-02 00:00:00-04:00,155.70540033740616,157.0372314453125,10034800,XLY,0.026107351515123778
2023-11-03 00:00:00-04:00,158.3293059745025,159.2436981201172,6863600,XLY,0.014050595865051863
2023-11-06 00:00:00-05:00,159.84006135022452,159.44248962402344,5640300,XLY,0.0012483476976044017
2023-11-07 00:00:00-05:00,159.7307283098922,161.22158813476562,4386800,XLY,0.011158245928907906
2023-11-08 00:00:00-05:00,161.27127562214477,160.79420471191406,4167300,XLY,-0.002650906915110607
2023-11-09 00:00:00-05:00,160.57554398490112,157.7926025390625,5748600,XLY,-0.01866735295733679
2023-11-10 00:00:00-05:00,157.99138477233882,160.41650390625,5156100,XLY,0.016628798340137196
2023-11-13 00:00:00-05:00,159.71084706722,161.10231018066406,4940000,XLY,0.004275160333969463
2023-11-14 00:00:00-05:00,165.1276256676996,166.52903747558594,7629200,XLY,0.033684975025101815
2023-11-15 00:00:00-05:00,167.34404620671458,166.7278289794922,6194400,XLY,0.0011937347799502174
2023-11-16 00:00:00-05:00,165.28665429001083,165.01829528808594,6143700,XLY,-0.010253439404027342
2023-11-17 00:00:00-05:00,165.5748846320724,166.1215362548828,4460500,XLY,0.00668556759037453
2023-11-20 00:00:00-05:00,166.08179325744277,166.97630310058594,4642500,XLY,0.005145430658621164
2023-11-21 00:00:00-05:00,165.7339090672006,166.54891967773438,3801800,XLY,-0.002559545366111693
2023-11-22 00:00:00-05:00,167.2645285354187,167.05581665039062,4481700,XLY,0.003043532036335561
2023-11-24 00:00:00-05:00,166.94648473456223,167.21484375,1741500,XLY,0.000951939913245825
2023-11-27 00:00:00-05:00,167.31422252333851,167.48318481445312,3649800,XLY,0.0016047682037985123
2023-11-28 00:00:00-05:00,167.28439686577528,168.447265625,5987000,XLY,0.005756284200201467
2023-11-29 00:00:00-05:00,169.69960218964155,167.99008178710938,3829700,XLY,-0.002714106614876255
2023-11-30 00:00:00-05:00,167.9900841620523,167.7515411376953,6511500,XLY,-0.00141996864860372
2023-12-01 00:00:00-05:00,167.0359344224701,170.04747009277344,7477400,XLY,0.013686485021282557
2023-12-04 00:00:00-05:00,168.8150422267176,169.4014434814453,9238800,XLY,-0.0037990956935476383
2023-12-05 00:00:00-05:00,168.4870482337235,169.69961547851562,3911300,XLY,0.001760150273471428
2023-12-06 00:00:00-05:00,170.97181215185196,169.94808959960938,6114000,XLY,0.0014641996706539206
2023-12-07 00:00:00-05:00,170.6338581630235,171.34947204589844,3690100,XLY,0.008245944097345692
2023-12-08 00:00:00-05:00,170.48478559540254,172.13467407226562,4048200,XLY,0.0045824595605223895
2023-12-11 00:00:00-05:00,171.93589114521578,172.59185791015625,9446200,XLY,0.002655965977538477
2023-12-12 00:00:00-05:00,172.4030382743034,173.1285858154297,3705700,XLY,0.0031098101137125855
2023-12-13 00:00:00-05:00,173.0689612900688,175.3946990966797,5449200,XLY,0.01308919188923463
2023-12-14 00:00:00-05:00,176.9252998824715,177.750244140625,7644400,XLY,0.013429967131714182
2023-12-15 00:00:00-05:00,177.7900052404678,178.1179962158203,5629100,XLY,0.002068925851400616
2023-12-18 00:00:00-05:00,178.68554263460035,179.22320556640625,3859700,XLY,0.006204928048072045
2023-12-19 00:00:00-05:00,179.83057036757563,180.6271209716797,3597000,XLY,0.007833334979343798
2023-12-20 00:00:00-05:00,179.82061675085666,177.33140563964844,4310800,XLY,-0.018245960597179534
2023-12-21 00:00:00-05:00,179.20327372987612,180.02969360351562,3927500,XLY,0.01521607497630928
2023-12-22 00:00:00-05:00,179.31281247006402,178.7054443359375,4261400,XLY,-0.007355726941881913
2023-12-26 00:00:00-05:00,179.10372644675485,179.46217346191406,2740400,XLY,0.004234505158970059
2023-12-27 00:00:00-05:00,179.69116671997529,180.07948303222656,3747900,XLY,0.003439775404500578
2023-12-28 00:00:00-05:00,180.33835769682756,179.14353942871094,2804400,XLY,-0.005197391661481698
2023-12-29 00:00:00-05:00,179.21324560308605,178.038330078125,4133200,XLY,-0.006169406689800039
2024-01-02 00:00:00-05:00,177.48075704268723,176.385498046875,7684800,XLY,-0.009283574107467274
2024-01-03 00:00:00-05:00,175.2106053876769,172.8209686279297,7761400,XLY,-0.020208744247205757
2024-01-04 00:00:00-05:00,172.12397669668306,171.60623168945312,5957500,XLY,-0.007028874725796719
2024-01-05 00:00:00-05:00,171.16811832129724,171.8750457763672,6042200,XLY,0.0015664587717334477
2024-01-08 00:00:00-05:00,172.17374666583092,174.80235290527344,4071300,XLY,0.017031600577521067
2024-01-09 00:00:00-05:00,173.52789577958404,174.15518188476562,4165000,XLY,-0.003702301540863817
2024-01-10 00:00:00-05:00,174.4239897831993,175.5491180419922,3812200,XLY,0.008003988983508403
2024-01-11 00:00:00-05:00,175.3499834528456,175.3201141357422,4296000,XLY,-0.0013045004657626924
2024-01-12 00:00:00-05:00,174.59327507524878,173.2092742919922,3722200,XLY,-0.012039918261265048
2024-01-16 00:00:00-05:00,172.16380913362124,173.0101318359375,4488100,XLY,-0.001149721669747139
2024-01-17 00:00:00-05:00,171.18801391253442,171.49668884277344,3980900,XLY,-0.008747713079597208
2024-01-18 00:00:00-05:00,172.31315997560324,172.47247314453125,4963000,XLY,0.005689814236894186
2024-01-19 00:00:00-05:00,172.7413017449926,174.13525390625,4891400,XLY,0.009640847211168202
2024-01-22 00:00:00-05:00,174.5136069530722,173.36856079101562,5592100,XLY,-0.004402859834730211
2024-01-23 00:00:00-05:00,173.5378285716599,172.95037841796875,3553600,XLY,-0.0024121003897065174
2024-01-24 00:00:00-05:00,174.09542974094458,172.29322814941406,4311100,XLY,-0.0037996463180124396
2024-01-25 00:00:00-05:00,170.6702691019234,170.16246032714844,5546400,XLY,-0.012367101395405977
2024-01-26 00:00:00-05:00,170.88933010380322,170.93910217285156,3488900,XLY,0.004564119748915019
2024-01-29 00:00:00-05:00,171.28759612230522,173.4382781982422,3690600,XLY,0.014620271158693132
2024-01-30 00:00:00-05:00,173.7270309550482,173.33871459960938,3137200,XLY,-0.0005740578127684248
2024-01-31 00:00:00-05:00,172.23349588921783,170.18238830566406,6831900,XLY,-0.018209009460096848
2024-02-01 00:00:00-05:00,170.9789462630382,173.4582061767578,7341100,XLY,0.01924886531272585
2024-02-02 00:00:00-05:00,174.64305148387572,176.55477905273438,10381900,XLY,0.017851982585482817
2024-02-05 00:00:00-05:00,174.7426251662302,174.06556701660156,6673100,XLY,-0.014098808593503542
2024-02-06 00:00:00-05:00,173.31880050444522,175.12098693847656,4686800,XLY,0.00606334693279309
2024-02-07 00:00:00-05:00,176.09675591920876,177.08248901367188,3898200,XLY,0.011200839542346852
2024-02-08 00:00:00-05:00,177.20196022675648,177.85911560058594,4050000,XLY,0.004385676930789506
2024-02-09 00:00:00-05:00,177.70975661131246,179.12362670898438,4792400,XLY,0.007109622153064876
2024-02-12 00:00:00-05:00,179.1833740937833,178.97427368164062,3020100,XLY,-0.000833798589766177
2024-02-13 00:00:00-05:00,175.36990831051097,175.40972900390625,7400700,XLY,-0.019916519868520277
2024-02-14 00:00:00-05:00,176.07683655098322,177.26170349121094,5780500,XLY,0.010557991839001302
2024-02-15 00:00:00-05:00,177.62014468503617,179.31280517578125,5283800,XLY,0.011571036744956187
2024-02-16 00:00:00-05:00,178.5361783323334,178.2474365234375,4256100,XLY,-0.005941397499745538
2024-02-20 00:00:00-05:00,176.61451504497938,176.56472778320312,4378200,XLY,-0.009440296999800757
2024-02-21 00:00:00-05:00,177.14223415430007,177.86907958984375,4443100,XLY,0.007387386048260947
2024-02-22 00:00:00-05:00,179.4621716108663,181.3240966796875,4400000,XLY,0.019424495240043083
2024-02-23 00:00:00-05:00,180.61715529304664,180.50762939453125,3787900,XLY,-0.004502806301572515
2024-02-26 00:00:00-05:00,181.03534674758345,181.06521606445312,3525800,XLY,0.0030889922591756935
2024-02-27 00:00:00-05:00,181.8816799722544,181.66262817382807,2926200,XLY,0.0032994305718128114
2024-02-28 00:00:00-05:00,181.363914221246,182.3795166015625,3704400,XLY,0.003946262557912972
2024-02-29 00:00:00-05:00,183.02673131233252,183.6141815185547,4135200,XLY,0.006769756494582113
2024-03-01 00:00:00-05:00,183.45486107302557,184.22154235839844,5532900,XLY,0.0033078100766545937
2024-03-04 00:00:00-05:00,183.31546495367508,181.7323303222656,5668400,XLY,-0.013512057299412628
2024-03-05 00:00:00-05:00,180.5673811650459,179.4721221923828,6470900,XLY,-0.012437017265308659
2024-03-06 00:00:00-05:00,180.17906472801485,178.8348846435547,4649800,XLY,-0.0035506213502342066
2024-03-07 00:00:00-05:00,179.32276740544376,180.19895935058597,3356700,XLY,0.007627565000811076
2024-03-08 00:00:00-05:00,180.61715275335683,179.5318603515625,6231800,XLY,-0.003702013604449217
2024-03-11 00:00:00-04:00,179.03400926261273,179.04397583007812,4153200,XLY,-0.0027175372690340094
2024-03-12 00:00:00-04:00,179.64139828204426,180.58729553222656,3953200,XLY,0.00861978011264175
2024-03-13 00:00:00-04:00,180.13923339277233,180.2089385986328,2858500,XLY,-0.0020951470172840825
2024-03-14 00:00:00-04:00,180.4180200148772,179.0638885498047,5405200,XLY,-0.006354013611824305
2024-03-15 00:00:00-04:00,177.8591303133234,177.28163146972656,4933600,XLY,-0.009953190978439053
2024-03-18 00:00:00-04:00,179.06478130358212,178.63571166992188,4256400,XLY,0.007638017480827042
2024-03-19 00:00:00-04:00,178.59578989339815,180.1823883056641,3812100,XLY,0.00865827230895544
2024-03-20 00:00:00-04:00,180.53161931226947,182.86659240722656,4248700,XLY,0.014897150197659359
2024-03-21 00:00:00-04:00,184.14385159123788,183.93431091308597,3573200,XLY,0.005838783846760176
2024-03-22 00:00:00-04:00,182.0184266978252,182.3277587890625,2859300,XLY,-0.008734379768778444
2024-03-25 00:00:00-04:00,181.61928520359425,181.7290496826172,2832300,XLY,-0.0032836969555357642
2024-03-26 00:00:00-04:00,182.89652645023216,181.95855712890625,2693900,XLY,0.0012629100668819504
2024-03-27 00:00:00-04:00,183.3755198694666,184.0640411376953,2906000,XLY,0.011571228317102333
2024-03-28 00:00:00-04:00,183.8345210061498,183.4952545166016,2979100,XLY,-0.0030901561085916462
2024-04-01 00:00:00-04:00,183.69481085474337,182.1281890869141,4970900,XLY,-0.007450140513382109
2024-04-02 00:00:00-04:00,179.1945063891057,179.4439697265625,6135200,XLY,-0.014738077470647037
2024-04-03 00:00:00-04:00,178.43614771343087,179.57369995117188,5082600,XLY,0.0007229567246369584
2024-04-04 00:00:00-04:00,180.9307681201862,177.4682159423828,4825300,XLY,-0.011724901861250081
2024-04-05 00:00:00-04:00,178.05694996500765,178.45608520507812,5040900,XLY,0.005566457393227253
2024-04-08 00:00:00-04:00,179.51380977418071,180.1524353027344,4147900,XLY,0.00950570049604571
2024-04-09 00:00:00-04:00,181.0405177843006,181.0006103515625,4281100,XLY,0.004708096492854974
2024-04-10 00:00:00-04:00,178.05694735637002,178.2066192626953,5403000,XLY,-0.01543636280253613
2024-04-11 00:00:00-04:00,178.81531931165276,179.64353942871094,4216700,XLY,0.008063225552230824
2024-04-12 00:00:00-04:00,178.2465540219406,176.7298126220703,5364500,XLY,-0.016219491198551594
2024-04-15 00:00:00-04:00,178.01703665189274,173.78614807128906,5568400,XLY,-0.01665629871444585
2024-04-16 00:00:00-04:00,172.8880666974502,172.7982635498047,6435400,XLY,-0.005684483674033292
2024-04-17 00:00:00-04:00,173.63645405016456,171.96006774902344,6208400,XLY,-0.004850718887806749
2024-04-18 00:00:00-04:00,172.27938009212244,170.89236450195312,4705900,XLY,-0.006209018529980015
2024-04-19 00:00:00-04:00,170.89236417466944,169.3955841064453,6790400,XLY,-0.008758614815062127
2024-04-22 00:00:00-04:00,169.75480448318385,170.1439666748047,4475100,XLY,0.00441795795508515
2024-04-23 00:00:00-04:00,171.1118793800824,172.1696014404297,3944700,XLY,0.011905416367167465
2024-04-24 00:00:00-04:00,174.74406682672006,173.81607055664062,4474300,XLY,0.009563065154568617
2024-04-25 00:00:00-04:00,171.18173995738573,173.9657440185547,5350600,XLY,0.0008611025518798776
2024-04-26 00:00:00-04:00,174.56446022307452,175.53237915039062,3332900,XLY,0.009005423111741129
2024-04-29 00:00:00-04:00,179.14460939542235,179.6136016845703,5154200,XLY,0.023250539609464438
2024-04-30 00:00:00-04:00,177.85738228328546,175.2429962158203,3609200,XLY,-0.024333376914435823
2024-05-01 00:00:00-04:00,175.33281840318708,174.14537048339844,7168400,XLY,-0.006263449930233422
2024-05-02 00:00:00-04:00,175.78184179262044,176.34063720703125,4119300,XLY,0.012605943629389271
2024-05-03 00:00:00-04:00,178.55587915311145,177.52809143066406,4506500,XLY,0.0067338660131905925
2024-05-06 00:00:00-04:00,178.63571377110807,179.42401123046875,3114500,XLY,0.010679548146582452
2024-05-07 00:00:00-04:00,179.3042663479078,178.13677978515625,3150300,XLY,-0.007174242937078579
2024-05-08 00:00:00-04:00,176.5801271121874,177.4682159423828,2881600,XLY,-0.0037530926717086466
2024-05-09 00:00:00-04:00,177.54803427711596,178.6756134033203,2523000,XLY,0.006803457478433694
2024-05-10 00:00:00-04:00,178.8252996759054,177.71768188476562,2827200,XLY,-0.005361288540212672
2024-05-13 00:00:00-04:00,178.48602781066302,177.48817443847656,4071400,XLY,-0.001291415934841389
2024-05-14 00:00:00-04:00,177.19880292587993,178.2964324951172,3022300,XLY,0.00455386990822193
2024-05-15 00:00:00-04:00,179.09471799988523,178.56585693359375,3591400,XLY,0.001511103922306134
2024-05-16 00:00:00-04:00,178.46607779531013,177.40834045410156,3294600,XLY,-0.006482294540342326
2024-05-17 00:00:00-04:00,177.56800097706818,178.31639099121094,2788700,XLY,0.005118420784417932
2024-05-20 00:00:00-04:00,177.89729274997683,176.98924255371094,2001000,XLY,-0.0074426609361190055
2024-05-21 00:00:00-04:00,176.82960333009274,178.12680053710938,2187700,XLY,0.0064272718894382574
2024-05-22 00:00:00-04:00,177.69772063246572,176.27078247070312,3166100,XLY,-0.010419645223569751
2024-05-23 00:00:00-04:00,176.7497729929887,173.41693115234375,3677300,XLY,-0.016190155159909736
2024-05-24 00:00:00-04:00,174.60436681754052,175.1631622314453,2575100,XLY,0.01006955357529371
2024-05-28 00:00:00-04:00,174.52454443930463,174.73410034179688,2672100,XLY,-0.0024494984229703753
2024-05-29 00:00:00-04:00,173.4269181762218,173.58657836914062,2172000,XLY,-0.006567246864873977
2024-05-30 00:00:00-04:00,174.095476614496,174.61436462402344,2248300,XLY,0.005920885500128703
2024-05-31 00:00:00-04:00,174.73410015145978,175.59225463867188,3420200,XLY,0.005600283898486991
2024-06-03 00:00:00-04:00,175.71198827400957,175.51242065429688,3964500,XLY,-0.00045465550026269064
2024-06-04 00:00:00-04:00,174.77400863574292,175.69204711914062,2889900,XLY,0.0010234401883018052
2024-06-05 00:00:00-04:00,176.10115394682623,176.71983337402344,2290900,XLY,0.005849930442132445
2024-06-06 00:00:00-04:00,176.86949740769947,178.00704956054688,2227800,XLY,0.007283937303172339
2024-06-07 00:00:00-04:00,176.9992277751834,177.27862548828125,2274300,XLY,-0.0040921080039465485
2024-06-10 00:00:00-04:00,176.7597403622423,177.84739685058594,1865500,XLY,0.0032083470905650557
2024-06-11 00:00:00-04:00,177.76756490016925,177.37840270996094,2783000,XLY,-0.0026370593493646455
2024-06-12 00:00:00-04:00,178.93507075510334,179.2244415283203,3978800,XLY,0.010407348302588604
2024-06-13 00:00:00-04:00,180.4418191637569,179.3641357421875,2613500,XLY,0.000779437294801788
2024-06-14 00:00:00-04:00,179.09471459055158,177.9471893310547,3052800,XLY,-0.007899831286057535
2024-06-17 00:00:00-04:00,177.7176923935698,181.0704803466797,3676600,XLY,0.01755178616400843
2024-06-18 00:00:00-04:00,180.92078072822312,180.46177673339844,2241900,XLY,-0.0033616943640720764
2024-06-20 00:00:00-04:00,180.28216065706883,180.6912841796875,2361400,XLY,0.0012717787137168646
2024-06-21 00:00:00-04:00,181.6093111618948,182.21800231933597,4311600,XLY,0.008449318109501336
2024-06-24 00:00:00-04:00,182.63999938964844,181.44000244140625,2538900,XLY,-0.004269610400877255
2024-06-25 00:00:00-04:00,181.6300048828125,180.7100067138672,2356400,XLY,-0.004023345005050971
2024-06-26 00:00:00-04:00,180.2700042724609,183.3300018310547,2515900,XLY,0.01449833999140937
2024-06-27 00:00:00-04:00,183.75,184.4499969482422,2114100,XLY,0.0061091752904667285
2024-06-28 00:00:00-04:00,183.52999877929688,182.3999938964844,3957300,XLY,-0.011114139797644085
2024-07-01 00:00:00-04:00,183.1100006103516,183.0200042724609,3196600,XLY,0.003399179806597985
2024-07-02 00:00:00-04:00,184.02999877929688,186.5800018310547,2942300,XLY,0.019451412280015123
2024-07-03 00:00:00-04:00,187.22999572753903,187.7700042724609,2189800,XLY,0.006377974218714666
2024-07-05 00:00:00-04:00,188.6999969482422,189.3000030517578,1998200,XLY,0.008148259809787506
2024-07-08 00:00:00-04:00,189.05999755859372,189.38999938964844,1838400,XLY,0.0004754164629676705
2024-07-09 00:00:00-04:00,189.17999267578125,190.0200042724609,1828000,XLY,0.0033264949830655866
2024-07-10 00:00:00-04:00,190.44000244140625,191.4499969482422,2278900,XLY,0.007525484915424263
2024-07-11 00:00:00-04:00,192.3500061035156,189.0200042724609,4498000,XLY,-0.01269257098206289
2024-07-12 00:00:00-04:00,188.7700042724609,191.4900054931641,2726800,XLY,0.013067406437801354
2024-07-15 00:00:00-04:00,192.55999755859372,191.2700042724609,2540100,XLY,-0.001148891401076435
2024-07-16 00:00:00-04:00,192.3800048828125,194.6999969482422,2061600,XLY,0.01793272650789146
2024-07-17 00:00:00-04:00,193.25999450683597,191.4499969482422,2898600,XLY,-0.016692347462460178
2024-07-18 00:00:00-04:00,191.8500061035156,189.5,2187600,XLY,-0.010185411226563579
2024-07-19 00:00:00-04:00,188.7899932861328,187.80999755859372,1936100,XLY,-0.008918218688159785
2024-07-22 00:00:00-04:00,189.1699981689453,189.8800048828125,2404200,XLY,0.011021816469450663
2024-07-23 00:00:00-04:00,190.6100006103516,189.02999877929688,2411800,XLY,-0.004476543509887798
2024-07-24 00:00:00-04:00,184.83999633789065,181.3000030517578,4100400,XLY,-0.040892957612322034
2024-07-25 00:00:00-04:00,181.2700042724609,180.58999633789065,5120400,XLY,-0.0039161980249082795
2024-07-26 00:00:00-04:00,181.9199981689453,182.6100006103516,2264700,XLY,0.011185582332486677
2024-07-29 00:00:00-04:00,183.83999633789065,185.66000366210935,3572800,XLY,0.016702278306574003
2024-07-30 00:00:00-04:00,186.0800018310547,184.6300048828125,2140500,XLY,-0.005547768819241128
